#threads,exec_time,speedup
1S, 0.633275 , 1
1, 0.812847 , .779082
2, 1.271869 , .497908
3, 0.636187 , .995422
