#threads,exec_time,speedup
1S, 0.014629 , 1
1, 0.011476 , 1.274747
2, 0.012240 , 1.195179
3, 0.012003 , 1.218778
